-- phpMyAdmin SQL Dump
-- version 5.2.1
-- https://www.phpmyadmin.net/
--
-- Host: 127.0.0.1
-- Generation Time: Aug 16, 2025 at 12:03 PM
-- Server version: 10.4.32-MariaDB
-- PHP Version: 8.0.30

SET SQL_MODE = "NO_AUTO_VALUE_ON_ZERO";
START TRANSACTION;
SET time_zone = "+00:00";


/*!40101 SET @OLD_CHARACTER_SET_CLIENT=@@CHARACTER_SET_CLIENT */;
/*!40101 SET @OLD_CHARACTER_SET_RESULTS=@@CHARACTER_SET_RESULTS */;
/*!40101 SET @OLD_COLLATION_CONNECTION=@@COLLATION_CONNECTION */;
/*!40101 SET NAMES utf8mb4 */;

--

--

-- --------------------------------------------------------

--
-- Table structure for table `admin`
--

CREATE TABLE `admin` (
  `aemail` varchar(255) NOT NULL,
  `apassword` varchar(255) DEFAULT NULL
) ENGINE=MyISAM DEFAULT CHARSET=latin1 COLLATE=latin1_swedish_ci;

--
-- Dumping data for table `admin`
--

INSERT INTO `admin` (`aemail`, `apassword`) VALUES
('admin@mail.com', '123');

-- --------------------------------------------------------

--
-- Table structure for table `appointment`
--

CREATE TABLE `appointment` (
  `appoid` int(11) NOT NULL,
  `pid` int(10) DEFAULT NULL,
  `docid` int(11) NOT NULL,
  `appodate` date DEFAULT NULL,
  `appotime` time DEFAULT NULL,
  `status` int(1) NOT NULL DEFAULT 0
) ENGINE=MyISAM DEFAULT CHARSET=latin1 COLLATE=latin1_swedish_ci;

--
-- Dumping data for table `appointment`
--

INSERT INTO `appointment` (`appoid`, `pid`, `docid`, `appodate`, `appotime`, `status`) VALUES
(1, 2, 2, '2025-08-16', '13:25:00', 1),
(2, 3, 3, '2025-08-16', '15:05:00', 1);

-- --------------------------------------------------------

--
-- Table structure for table `doctor`
--

CREATE TABLE `doctor` (
  `docid` int(11) NOT NULL,
  `docemail` varchar(255) DEFAULT NULL,
  `docname` varchar(255) DEFAULT NULL,
  `docpassword` varchar(255) DEFAULT NULL,
  `docnid` varchar(15) DEFAULT NULL,
  `doctel` varchar(15) DEFAULT NULL,
  `specialties` int(2) DEFAULT NULL,
  `docurl` varchar(255) DEFAULT NULL
) ENGINE=MyISAM DEFAULT CHARSET=latin1 COLLATE=latin1_swedish_ci;

--
-- Dumping data for table `doctor`
--

INSERT INTO `doctor` (`docid`, `docemail`, `docname`, `docpassword`, `docnid`, `doctel`, `specialties`, `docurl`) VALUES
(1, 'doctor@edoc.com', 'Test Doctor', '123', '000000000', '0110000000', 1, 'http://example.com'),
(2, 'nidhi@gmail.com', 'Dr. Nidhi', '123', '010101', '012020', 10, 'https://meet.google.com/fdp-ojek-fww'),
(3, 'pavel@gmail.com', 'Dr Pavel', '123', '0102020', '01700000000', 13, 'https://meet.google.com/fdp-ojek-fww');

-- --------------------------------------------------------

--
-- Table structure for table `patient`
--

CREATE TABLE `patient` (
  `pid` int(11) NOT NULL,
  `pemail` varchar(255) DEFAULT NULL,
  `pname` varchar(255) DEFAULT NULL,
  `ppassword` varchar(255) DEFAULT NULL,
  `paddress` varchar(255) DEFAULT NULL,
  `pnid` varchar(15) DEFAULT NULL,
  `pdob` date DEFAULT NULL,
  `ptel` varchar(15) DEFAULT NULL
) ENGINE=MyISAM DEFAULT CHARSET=latin1 COLLATE=latin1_swedish_ci;

--
-- Dumping data for table `patient`
--

INSERT INTO `patient` (`pid`, `pemail`, `pname`, `ppassword`, `paddress`, `pnid`, `pdob`, `ptel`) VALUES
(1, 'patient@edoc.com', 'Test Patient', '123', 'Sri Lanka', '0000000000', '2000-01-01', '0120000000'),
(2, 'mahdi@gmail.com', 'S M Mahdi', '123', 'YKSG', '0111101', '2003-01-01', '0712345678'),
(3, 'sabbir@gmail.com', 'Sabbir Rafi', '123', 'Dhaka', '0000000001', '2004-01-01', '017216582');

-- --------------------------------------------------------

--
-- Table structure for table `prescription`
--

CREATE TABLE `prescription` (
  `presc_id` int(11) NOT NULL,
  `docid` int(11) NOT NULL,
  `pid` int(11) NOT NULL,
  `appoid` int(11) NOT NULL,
  `presc_date` date NOT NULL,
  `presc_details` text NOT NULL
) ENGINE=MyISAM DEFAULT CHARSET=latin1 COLLATE=latin1_swedish_ci;

-- --------------------------------------------------------

--
-- Table structure for table `specialties`
--

CREATE TABLE `specialties` (
  `id` int(2) NOT NULL,
  `sname` varchar(50) DEFAULT NULL
) ENGINE=MyISAM DEFAULT CHARSET=latin1 COLLATE=latin1_swedish_ci;

--
-- Dumping data for table `specialties`
--

INSERT INTO `specialties` (`id`, `sname`) VALUES
(1, 'Accident and emergency medicine'),
(2, 'Allergology'),
(3, 'Anaesthetics'),
(4, 'Biological hematology'),
(5, 'Cardiology'),
(6, 'Child psychiatry'),
(7, 'Clinical biology'),
(8, 'Clinical chemistry'),
(9, 'Clinical neurophysiology'),
(10, 'Clinical radiology'),
(11, 'Dental, oral and maxillo-facial surgery'),
(12, 'Dermato-venerology'),
(13, 'Dermatology'),
(14, 'Endocrinology'),
(15, 'Gastro-enterologic surgery'),
(16, 'Gastroenterology'),
(17, 'General hematology'),
(18, 'General Practice'),
(19, 'General surgery'),
(20, 'Geriatrics'),
(21, 'Immunology'),
(22, 'Infectious diseases'),
(23, 'Internal medicine'),
(24, 'Laboratory medicine'),
(25, 'Maxillo-facial surgery'),
(26, 'Microbiology'),
(27, 'Nephrology'),
(28, 'Neuro-psychiatry'),
(29, 'Neurology'),
(30, 'Neurosurgery'),
(31, 'Nuclear medicine'),
(32, 'Obstetrics and gynecology'),
(33, 'Occupational medicine'),
(34, 'Ophthalmology'),
(35, 'Orthopaedics'),
(36, 'Otorhinolaryngology'),
(37, 'Paediatric surgery'),
(38, 'Paediatrics'),
(39, 'Pathology'),
(40, 'Pharmacology'),
(41, 'Physical medicine and rehabilitation'),
(42, 'Plastic surgery'),
(43, 'Podiatric Medicine'),
(44, 'Podiatric Surgery'),
(45, 'Psychiatry'),
(46, 'Public health and Preventive Medicine'),
(47, 'Radiology'),
(48, 'Radiotherapy'),
(49, 'Respiratory medicine'),
(50, 'Rheumatology'),
(51, 'Stomatology'),
(52, 'Thoracic surgery'),
(53, 'Tropical medicine'),
(54, 'Urology'),
(55, 'Vascular surgery'),
(56, 'Venereology');

-- --------------------------------------------------------

--
-- Table structure for table `webuser`
--

CREATE TABLE `webuser` (
  `email` varchar(255) NOT NULL,
  `usertype` char(1) DEFAULT NULL
) ENGINE=MyISAM DEFAULT CHARSET=latin1 COLLATE=latin1_swedish_ci;

--
-- Dumping data for table `webuser`
--

INSERT INTO `webuser` (`email`, `usertype`) VALUES
('admin@mail.com', 'a'),
('doctor@edoc.com', 'd'),
('patient@edoc.com', 'p'),
('nidhi@gmail.com', 'd'),
('pavel@gmail.com', 'd'),
('mahdi@gmail.com', 'p'),
('sabbir@gmail.com', 'p');

--
-- Indexes for dumped tables
--

--
-- Indexes for table `admin`
--
ALTER TABLE `admin`
  ADD PRIMARY KEY (`aemail`);

--
-- Indexes for table `appointment`
--
ALTER TABLE `appointment`
  ADD PRIMARY KEY (`appoid`),
  ADD KEY `pid` (`pid`),
  ADD KEY `docid` (`docid`);

--
-- Indexes for table `doctor`
--
ALTER TABLE `doctor`
  ADD PRIMARY KEY (`docid`),
  ADD KEY `specialties` (`specialties`);

--
-- Indexes for table `patient`
--
ALTER TABLE `patient`
  ADD PRIMARY KEY (`pid`);

--
-- Indexes for table `prescription`
--
ALTER TABLE `prescription`
  ADD PRIMARY KEY (`presc_id`),
  ADD KEY `docid` (`docid`),
  ADD KEY `pid` (`pid`),
  ADD KEY `appoid` (`appoid`);

--
-- Indexes for table `specialties`
--
ALTER TABLE `specialties`
  ADD PRIMARY KEY (`id`);

--
-- Indexes for table `webuser`
--
ALTER TABLE `webuser`
  ADD PRIMARY KEY (`email`);

--
-- AUTO_INCREMENT for dumped tables
--

--
-- AUTO_INCREMENT for table `appointment`
--
ALTER TABLE `appointment`
  MODIFY `appoid` int(11) NOT NULL AUTO_INCREMENT, AUTO_INCREMENT=3;

--
-- AUTO_INCREMENT for table `doctor`
--
ALTER TABLE `doctor`
  MODIFY `docid` int(11) NOT NULL AUTO_INCREMENT, AUTO_INCREMENT=4;

--
-- AUTO_INCREMENT for table `patient`
--
ALTER TABLE `patient`
  MODIFY `pid` int(11) NOT NULL AUTO_INCREMENT, AUTO_INCREMENT=4;

--
-- AUTO_INCREMENT for table `prescription`
--
ALTER TABLE `prescription`
  MODIFY `presc_id` int(11) NOT NULL AUTO_INCREMENT;
COMMIT;

/*!40101 SET CHARACTER_SET_CLIENT=@OLD_CHARACTER_SET_CLIENT */;
/*!40101 SET CHARACTER_SET_RESULTS=@OLD_CHARACTER_SET_RESULTS */;
/*!40101 SET COLLATION_CONNECTION=@OLD_COLLATION_CONNECTION */;
